{
    "id": "BitSight",
    "title": "Bitsight data connector",
    "publisher": "BitSight Technologies, Inc.",
    "descriptionMarkdown": "The [BitSight](https://www.BitSight.com/) Data Connector supports evidence-based cyber risk monitoring by bringing BitSight data in Microsoft Sentinel.",
    "graphQueries": [
        {
            "metricName": "Total Alerts data received",
            "legend": "Alerts_data_CL",
            "baseQuery": "Alerts_data_CL"
        },
        {
            "metricName": "Total Breaches data received",
            "legend": "BitsightBreaches_data_CL",
            "baseQuery": "BitsightBreaches_data_CL"
        },
        {
            "metricName": "Total Company Details received",
            "legend": "BitsightCompany_details_CL",
            "baseQuery": "BitsightCompany_details_CL"
        },
        {
            "metricName": "Total Company Ratings received",
            "legend": "BitsightCompany_rating_details_CL",
            "baseQuery": "BitsightCompany_rating_details_CL"
        },
        {
            "metricName": "Total Diligence Historical Statistics data received",
            "legend": "BitsightDiligence_historical_statistics_CL",
            "baseQuery": "BitsightDiligence_historical_statistics_CL"
        },
        {
            "metricName": "Total Diligence Statistics data received",
            "legend": "BitsightDiligence_statistics_CL",
            "baseQuery": "BitsightDiligence_statistics_CL"
        },
        {
            "metricName": "Total Findings data received",
            "legend": "BitsightFindings_data_CL",
            "baseQuery": "BitsightFindings_data_CL"
        },
        {
            "metricName": "Total Findings Summary data received",
            "legend": "BitsightFindings_summary_CL",
            "baseQuery": "BitsightFindings_summary_CL"
        },
        {
            "metricName": "Total Graph data received",
            "legend": "BitsightGraph_data_CL",
            "baseQuery": "BitsightGraph_data_CL"
        },
        {
            "metricName": "Total Industrial Statistics data received",
            "legend": "BitsightIndustrial_statistics_CL",
            "baseQuery": "BitsightIndustrial_statistics_CL"
        },
        {
            "metricName": "Total Observation Statistics data received",
            "legend": "BitsightObservation_statistics_CL",
            "baseQuery": "BitsightObservation_statistics_CL"
        }
    ],
    "sampleQueries": [
        {
            "description" : "BitSight Alert Events - Alerts Event for all Companies in portfolio.",
            "query": "Alerts_data_CL\n | sort by TimeGenerated desc"
        },
        {
            "description" : "BitSight Breaches Events - Breaches Event for all Companies in portfolio.",
            "query": "BitsightBreaches_data_CL\n | sort by TimeGenerated desc"
        },
        {
            "description" : "BitSight Company Details Events - Company Details Event for all Companies in portfolio.",
            "query": "BitsightCompany_details_CL\n | sort by TimeGenerated desc"
        },
        {
            "description" : "BitSight Company Ratings Events - Company Ratings Event for all Companies.",
            "query": "BitsightCompany_rating_details_CL\n | sort by TimeGenerated desc"
        },
        {
            "description" : "BitSight Diligence Historical Statistics Events - Diligence Historical Statistics Event for all Companies.",
            "query": "BitsightDiligence_historical_statistics_CL\n | sort by TimeGenerated desc"
        },
        {
            "description" : "BitSight Diligence Statistics Events - Diligence Statistics Event for all Companies.",
            "query": "BitsightDiligence_statistics_CL\n | sort by TimeGenerated desc"
        },
        {
            "description" : "BitSight Findings Events - Findings Event for all Companies.",
            "query": "BitsightFindings_data_CL\n | sort by TimeGenerated desc"
        },
        {
            "description" : "BitSight Findings Summary Events - Findings Summary Event for all Companies.",
            "query": "BitsightFindings_summary_CL\n | sort by TimeGenerated desc"
        },
        {
            "description" : "BitSight Graph Events - Graph Event for all Companies.",
            "query": "BitsightGraph_data_CL\n | sort by TimeGenerated desc"
        },
        {
            "description" : "BitSight Industrial Statistics Events - Industrial Statistics Event for all Companies.",
            "query": "BitsightIndustrial_statistics_CL\n | sort by TimeGenerated desc"
        },
        {
            "description" : "BitSight Observation Statistics Events - Observation Statistics Event for all Companies.",
            "query": "BitsightObservation_statistics_CL\n | sort by TimeGenerated desc"
        }
    ],
    "dataTypes": [
        {
            "name": "Alerts_data_CL",
            "lastDataReceivedQuery": "Alerts_data_CL\n            | summarize Time = max(TimeGenerated)\n            | where isnotempty(Time)"
        },
        {
            "name": "BitsightBreaches_data_CL",
            "lastDataReceivedQuery": "BitsightBreaches_data_CL\n            | summarize Time = max(TimeGenerated)\n            | where isnotempty(Time)"
        },
        {
            "name": "BitsightCompany_details_CL",
            "lastDataReceivedQuery": "BitsightCompany_details_CL\n            | summarize Time = max(TimeGenerated)\n            | where isnotempty(Time)"
        },
        {
            "name": "BitsightCompany_rating_details_CL",
            "lastDataReceivedQuery": "BitsightCompany_rating_details_CL\n            | summarize Time = max(TimeGenerated)\n            | where isnotempty(Time)"
        },
        {
            "name": "BitsightDiligence_historical_statistics_CL",
            "lastDataReceivedQuery": "BitsightDiligence_historical_statistics_CL\n            | summarize Time = max(TimeGenerated)\n            | where isnotempty(Time)"
        },
        {
            "name": "BitsightDiligence_statistics_CL",
            "lastDataReceivedQuery": "BitsightDiligence_statistics_CL\n            | summarize Time = max(TimeGenerated)\n            | where isnotempty(Time)"
        },
        {
            "name": "BitsightFindings_data_CL",
            "lastDataReceivedQuery": "BitsightFindings_data_CL\n            | summarize Time = max(TimeGenerated)\n            | where isnotempty(Time)"
        },
        {
            "name": "BitsightFindings_summary_CL",
            "lastDataReceivedQuery": "BitsightFindings_summary_CL\n            | summarize Time = max(TimeGenerated)\n            | where isnotempty(Time)"
        },
        {
            "name": "BitsightGraph_data_CL",
            "lastDataReceivedQuery": "BitsightGraph_data_CL\n            | summarize Time = max(TimeGenerated)\n            | where isnotempty(Time)"
        },
        {
            "name": "BitsightIndustrial_statistics_CL",
            "lastDataReceivedQuery": "BitsightIndustrial_statistics_CL\n            | summarize Time = max(TimeGenerated)\n            | where isnotempty(Time)"
        },
        {
            "name": "BitsightObservation_statistics_CL",
            "lastDataReceivedQuery": "BitsightObservation_statistics_CL\n            | summarize Time = max(TimeGenerated)\n            | where isnotempty(Time)"
        }
    ],
    "connectivityCriterias": [
        {
            "type": "IsConnectedQuery",
            "value": [
                "Alerts_data_CL\n            | summarize LastLogReceived = max(TimeGenerated)\n            | project IsConnected = LastLogReceived > ago(30d)"
            ]
        },
        {
            "type": "IsConnectedQuery",
            "value": [
                "BitsightBreaches_data_CL\n            | summarize LastLogReceived = max(TimeGenerated)\n            | project IsConnected = LastLogReceived > ago(30d)"
            ]
        },
        {
            "type": "IsConnectedQuery",
            "value": [
                "BitsightCompany_details_CL\n            | summarize LastLogReceived = max(TimeGenerated)\n            | project IsConnected = LastLogReceived > ago(30d)"
            ]
        },
        {
            "type": "IsConnectedQuery",
            "value": [
                "BitsightCompany_rating_details_CL\n            | summarize LastLogReceived = max(TimeGenerated)\n            | project IsConnected = LastLogReceived > ago(30d)"
            ]
        },
        {
            "type": "IsConnectedQuery",
            "value": [
                "BitsightDiligence_historical_statistics_CL\n            | summarize LastLogReceived = max(TimeGenerated)\n            | project IsConnected = LastLogReceived > ago(30d)"
            ]
        },
        {
            "type": "IsConnectedQuery",
            "value": [
                "BitsightDiligence_statistics_CL\n            | summarize LastLogReceived = max(TimeGenerated)\n            | project IsConnected = LastLogReceived > ago(30d)"
            ]
        },
        {
            "type": "IsConnectedQuery",
            "value": [
                "BitsightFindings_data_CL\n            | summarize LastLogReceived = max(TimeGenerated)\n            | project IsConnected = LastLogReceived > ago(30d)"
            ]
        },
        {
            "type": "IsConnectedQuery",
            "value": [
                "BitsightFindings_summary_CL\n            | summarize LastLogReceived = max(TimeGenerated)\n            | project IsConnected = LastLogReceived > ago(30d)"
            ]
        },
        {
            "type": "IsConnectedQuery",
            "value": [
                "BitsightGraph_data_CL\n            | summarize LastLogReceived = max(TimeGenerated)\n            | project IsConnected = LastLogReceived > ago(30d)"
            ]
        },
        {
            "type": "IsConnectedQuery",
            "value": [
                "BitsightIndustrial_statistics_CL\n            | summarize LastLogReceived = max(TimeGenerated)\n            | project IsConnected = LastLogReceived > ago(30d)"
            ]
        },
        {
            "type": "IsConnectedQuery",
            "value": [
                "BitsightObservation_statistics_CL\n            | summarize LastLogReceived = max(TimeGenerated)\n            | project IsConnected = LastLogReceived > ago(30d)"
            ]
        }
    ],
    "availability": {
        "status": 1,
        "isPreview": true
    },
    "permissions": {
        "resourceProvider": [
            {
                "provider": "Microsoft.OperationalInsights/workspaces",
                "permissionsDisplayText": "read and write permissions on the workspace are required.",
                "providerDisplayName": "Workspace",
                "scope": "Workspace",
                "requiredPermissions": {
                    "write": true,
                    "read": true,
                    "delete": true
                }
            },
            {
                "provider": "Microsoft.OperationalInsights/workspaces/sharedKeys",
                "permissionsDisplayText": "read permissions to shared keys for the workspace are required. [See the documentation to learn more about workspace keys](https://docs.microsoft.com/azure/azure-monitor/platform/agent-windows#obtain-workspace-id-and-key).",
                "providerDisplayName": "Keys",
                "scope": "Workspace",
                "requiredPermissions": {
                    "action": true
                }
            }
        ],
        "customs": [{
            "name": "Microsoft.Web/sites permissions",
            "description": "Read and write permissions to Azure Functions to create a Function App is required. [See the documentation to learn more about Azure Functions](https://docs.microsoft.com/azure/azure-functions/)."
        },
        {
            "name": "REST API Credentials/permissions",
            "description": "BitSight API Token is required.  See the documentation to [learn more](https://help.bitsighttech.com/hc/en-us/articles/115014888388-API-Token-Management) about API Token."
        }
        ]
    },
    "instructionSteps": [{
            "title": "",
            "description": ">**NOTE:** This connector uses Azure Functions to connect to the BitSight API to pull its logs into Microsoft Sentinel. This might result in additional data ingestion costs. Check the [Azure Functions pricing page](https://azure.microsoft.com/pricing/details/functions/) for details."
        },
        {
            "title": "",
            "description": ">**(Optional Step)** Securely store workspace and API authorization key(s) or token(s) in Azure Key Vault. Azure Key Vault provides a secure mechanism to store and retrieve key values. [Follow these instructions](https://docs.microsoft.com/azure/app-service/app-service-key-vault-references) to use Azure Key Vault with an Azure Function App."
        },
        {
            "title": "",
            "description": "**STEP 1 - Steps to Create/Get Bitsight API Token**\n\n Follow these instructions to get a BitSight API Token.\n 1. For SPM App: Refer to the [User Preference](https://service.bitsight.com/app/spm/account) tab of your Account page, \n\t\tGo to Settings > Account > User Preferences > API Token.\n 2. For TPRM App: Refer to the [User Preference](https://service.bitsight.com/app/tprm/account) tab of your Account page, \n\t\tGo to Settings > Account > User Preferences > API Token.\n 3. For Classic BitSight: Go to your [Account](https://service.bitsight.com/settings) page, \n\t\tGo to Settings > Account > API Token."
        },
        {
            "title": "",
            "description": "**STEP 2 - App Registration steps for the Application in Microsoft Entra ID**\n\n This integration requires an App registration in the Azure portal. Follow the steps in this section to create a new application in Microsoft Entra ID:\n 1. Sign in to the [Azure portal](https://portal.azure.com/).\n 2. Search for and select **Microsoft Entra ID**.\n 3. Under **Manage**, select **App registrations > New registration**.\n 4. Enter a display **Name** for your application.\n 5. Select **Register** to complete the initial app registration.\n 6. When registration finishes, the Azure portal displays the app registration's Overview pane. You see the **Application (client) ID** and **Tenant ID**. The client ID and Tenant ID is required as configuration parameters for the execution of BitSight Data Connector. \n\n> **Reference link:** [https://learn.microsoft.com/azure/active-directory/develop/quickstart-register-app](https://learn.microsoft.com/azure/active-directory/develop/quickstart-register-app)"
        },
        {
            "title": "",
            "description": "**STEP 3 - Add a client secret for application in Microsoft Entra ID**\n\n Sometimes called an application password, a client secret is a string value required for the execution of BitSight Data Connector. Follow the steps in this section to create a new Client Secret:\n 1. In the Azure portal, in **App registrations**, select your application.\n 2. Select **Certificates & secrets > Client secrets > New client secret**.\n 3. Add a description for your client secret.\n 4. Select an expiration for the secret or specify a custom lifetime. Limit is 24 months.\n 5. Select **Add**. \n 6. *Record the secret's value for use in your client application code. This secret value is never displayed again after you leave this page.* The secret value is required as configuration parameter for the execution of BitSight Data Connector. \n\n> **Reference link:** [https://learn.microsoft.com/azure/active-directory/develop/quickstart-register-app#add-a-client-secret](https://learn.microsoft.com/azure/active-directory/develop/quickstart-register-app#add-a-client-secret)"
        },
        {
            "title": "",
            "description": "**STEP 4 - Assign role of Contributor to application in Microsoft Entra ID**\n\n Follow the steps in this section to assign the role:\n 1. In the Azure portal, Go to **Resource Group** and select your resource group.\n 2. Go to **Access control (IAM)** from left panel.\n 3. Click on **Add**, and then select **Add role assignment**.\n 4. Select **Contributor** as role and click on next.\n 5. In **Assign access to**, select `User, group, or service principal`.\n 6. Click on **add members** and type **your app name** that you have created and select it.\n 7. Now click on **Review + assign** and then again click on **Review + assign**. \n\n> **Reference link:** [https://learn.microsoft.com/azure/role-based-access-control/role-assignments-portal](https://learn.microsoft.com/azure/role-based-access-control/role-assignments-portal)"
        },
        {
            "title": "",
            "description": "**STEP 5 - Choose ONE from the following two deployment options to deploy the connector and the associated Azure Function**\n\n>**IMPORTANT:** Before deploying the BitSight data connector, have the Workspace ID and Workspace Primary Key (can be copied from the following) readily available.., as well as the BitSight API Token.",
            "instructions": [{
                "parameters": {
                        "fillWith": [
                            "WorkspaceId"
                        ],
                        "label": "Workspace ID"
                    },
                    "type": "CopyableLabel"
                },
                {
                    "parameters": {
                        "fillWith": [
                            "PrimaryKey"
                        ],
                        "label": "Primary Key"
                    },
                    "type": "CopyableLabel"
                }
            ]
        },
        {
            "title": "Option 1 - Azure Resource Manager (ARM) Template",
            "description": "Use this method for automated deployment of the BitSight connector.\n\n1. Click the **Deploy to Azure** button below. \n\n\t[![Deploy To Azure](https://aka.ms/deploytoazurebutton)](https://aka.ms/sentinel-BitSight-azuredeploy)\n2. Select the preferred **Subscription**, **Resource Group** and **Location**. \n3. Enter the below information : \n\t\tFunction Name \n\t\tWorkspace ID \n\t\tWorkspace Key \n\t\tAPI_token \n\t\tCompanies \n\t\tAzure_Client_Id \n\t\tAzure_Client_Secret \n\t\tAzure_Tenant_Id \n\t\tPortfolio_Companies_Table_Name \n\t\tAlerts_Table_Name \n\t\tBreaches_Table_Name \n\t\tCompany_Table_Name \n\t\tCompany_Rating_Details_Table_Name \n\t\tDiligence_Historical_Statistics_Table_Name \n\t\tDiligence_Statistics_Table_Name \n\t\tFindings_Summary_Table_Name \n\t\tFindings_Table_Name \n\t\tGraph_Table_Name \n\t\tIndustrial_Statistics_Table_Name \n\t\tObservation_Statistics_Table_Name \n\t\tLog Level \n\t\tSchedule \n\t\tSchedule_Portfolio \n4. Mark the checkbox labeled **I agree to the terms and conditions stated above**. \n5. Click **Purchase** to deploy."
        },
        {
            "title": "Option 2 - Manual Deployment of Azure Functions",
            "description": "Use the following step-by-step instructions to deploy the BitSight data connector manually with Azure Functions (Deployment via Visual Studio Code)."
        },
        {
            "title": "",
            "description": "**1. Deploy a Function App**\n\n> **NOTE:** You will need to [prepare VS code](https://docs.microsoft.com/azure/azure-functions/functions-create-first-function-python#prerequisites) for Azure function development.\n\n1. Download the [Azure Function App](https://aka.ms/sentinel-BitSight-functionapp) file. Extract archive to your local development computer.\n2. Start VS Code. Choose File in the main menu and select Open Folder.\n3. Select the top level folder from extracted files.\n4. Choose the Azure icon in the Activity bar, then in the **Azure: Functions** area, choose the **Deploy to function app** button.\nIf you aren't already signed in, choose the Azure icon in the Activity bar, then in the **Azure: Functions** area, choose **Sign in to Azure**\nIf you're already signed in, go to the next step.\n5. Provide the following information at the prompts:\n\n\ta. **Select folder:** Choose a folder from your workspace or browse to one that contains your function app.\n\n\tb. **Select Subscription:** Choose the subscription to use.\n\n\tc. Select **Create new Function App in Azure** (Don't choose the Advanced option)\n\n\td. **Enter a globally unique name for the function app:** Type a name that is valid in a URL path. The name you type is validated to make sure that it's unique in Azure Functions. (e.g. BitSightXXXXX).\n\n\te. **Select a runtime:** Choose Python 3.8 or above.\n\n\tf. Select a location for new resources. For better performance and lower costs choose the same [region](https://azure.microsoft.com/regions/) where Microsoft Sentinel is located.\n\n6. Deployment will begin. A notification is displayed after your function app is created and the deployment package is applied.\n7. Go to Azure Portal for the Function App configuration."
        },
        {
            "title": "",
            "description": "**2. Configure the Function App**\n\n1. In the Function App, select the Function App Name and select **Configuration**.\n2. In the **Application settings** tab, select **+ New application setting**.\n3. Add each of the following application settings individually, with their respective values (case-sensitive): \n\t\tWorkspace ID \n\t\tWorkspace Key \n\t\tAPI_token \n\t\tCompanies \n\t\tAzure_Client_Id \n\t\tAzure_Client_Secret \n\t\tAzure_Tenant_Id \n\t\tPortfolio_Companies_Table_Name \n\t\tAlerts_Table_Name \n\t\tBreaches_Table_Name \n\t\tCompany_Table_Name \n\t\tCompany_Rating_Details_Table_Name \n\t\tDiligence_Historical_Statistics_Table_Name \n\t\tDiligence_Statistics_Table_Name \n\t\tFindings_Summary_Table_Name \n\t\tFindings_Table_Name \n\t\tGraph_Table_Name \n\t\tIndustrial_Statistics_Table_Name \n\t\tObservation_Statistics_Table_Name \n\t\tLog Level \n\t\tSchedule \n\t\tSchedule_Portfolio \n4. Once all application settings have been entered, click **Save**."
        }
    ]
}